{"cameraMode":{"drawMode":0,"name":"Shaded","section":"Shading Mode"},"sceneLighting":true,"audioPlay":false,"sceneViewState":{"m_AlwaysRefresh":false,"showFog":true,"showSkybox":true,"showFlares":true,"showImageEffects":true,"showParticleSystems":true,"showVisualEffectGraphs":true,"m_FxEnabled":true},"in2DMode":false,"pivot":{"x":0.30555275082588198,"y":1.059126377105713,"z":1.2826365232467652},"rotation":{"x":0.0045853266492486,"y":-0.9951902627944946,"z":0.05859597399830818,"w":0.07839667797088623},"size":0.2530021667480469,"orthographic":false}