{"cameraMode":{"drawMode":0,"name":"Shaded","section":"Shading Mode"},"sceneLighting":true,"audioPlay":false,"sceneViewState":{"m_AlwaysRefresh":false,"showFog":true,"showSkybox":true,"showFlares":true,"showImageEffects":true,"showParticleSystems":true,"showVisualEffectGraphs":true,"m_FxEnabled":true},"in2DMode":false,"pivot":{"x":-0.13822805881500245,"y":0.5784296989440918,"z":0.026696771383285524},"rotation":{"x":-0.010787361301481724,"y":-0.6802371740341187,"z":-0.009972688741981984,"w":0.7328464388847351},"size":2.16058349609375,"orthographic":false}